[
    {
        "id": "0bef1c14fe293429",
        "type": "tab",
        "label": "Flow 1",
        "disabled": false,
        "info": "",
        "env": []
    },
    {
        "id": "2eecf8736dfa8ad7",
        "type": "inject",
        "z": "0bef1c14fe293429",
        "name": "",
        "props": [
            {
                "p": "payload"
            },
            {
                "p": "topic",
                "vt": "str"
            }
        ],
        "repeat": "",
        "crontab": "",
        "once": false,
        "onceDelay": 0.1,
        "topic": "",
        "payload": "",
        "payloadType": "date",
        "x": 160,
        "y": 200,
        "wires": [
            [
                "b5d9d4a32475afa7"
            ]
        ]
    },
    {
        "id": "468db55b72b8e6dc",
        "type": "csv",
        "z": "0bef1c14fe293429",
        "name": "",
        "spec": "",
        "sep": ",",
        "hdrin": true,
        "hdrout": "all",
        "multi": "one",
        "ret": "\\r\\n",
        "temp": "f1,f2,f3,f4,f5",
        "skip": "0",
        "strings": true,
        "include_empty_strings": "",
        "include_null_values": "",
        "x": 550,
        "y": 200,
        "wires": [
            [
                "c0cd5614d33a477f"
            ]
        ]
    },
    {
        "id": "c0cd5614d33a477f",
        "type": "file",
        "z": "0bef1c14fe293429",
        "name": "",
        "filename": "C:\\Users\\rajee\\Desktop\\dataset.csv",
        "filenameType": "str",
        "appendNewline": true,
        "createDir": false,
        "overwriteFile": "false",
        "encoding": "none",
        "x": 800,
        "y": 200,
        "wires": [
            []
        ]
    },
    {
        "id": "8a4aadc986e698db",
        "type": "debug",
        "z": "0bef1c14fe293429",
        "name": "debug 1",
        "active": true,
        "tosidebar": true,
        "console": false,
        "tostatus": false,
        "complete": "false",
        "statusVal": "",
        "statusType": "auto",
        "x": 560,
        "y": 300,
        "wires": []
    },
    {
        "id": "b5d9d4a32475afa7",
        "type": "function",
        "z": "0bef1c14fe293429",
        "name": "function 1",
        "func": "function getRandom(level, range) {\n    const [min, max] = range[level];\n    return +(Math.random() * (max - min) + min).toFixed(2);\n}\n\n// Threshold definitions\nconst thresholds = {\n    f1: { normal: [0, 40], warning: [41, 70], critical: [71, 100] },\n    f2: { normal: [0, 20], warning: [21, 50], critical: [51, 80] },\n    f3: { normal: [100, 200], warning: [201, 300], critical: [301, 400] },\n    f4: { normal: [0, 5], warning: [6, 10], critical: [11, 20] },\n    f5: { normal: [500, 600], warning: [601, 700], critical: [701, 800] },\n};\n\nlet data = [];\n\n// Generate 200 normal rows\nfor (let i = 0; i < 200; i++) {\n    let row = {};\n    for (let key in thresholds) {\n        row[key] = getRandom('normal', thresholds[key]);\n    }\n    data.push(row);\n}\n\n// Generate 250 warning rows\nfor (let i = 0; i < 250; i++) {\n    let row = {};\n    const warnIndex = Math.floor(Math.random() * 5);\n    let count = 0;\n    for (let key in thresholds) {\n        let level = count === warnIndex ? 'warning' : 'normal';\n        row[key] = getRandom(level, thresholds[key]);\n        count++;\n    }\n    data.push(row);\n}\n\n// Generate 50 critical rows\nfor (let i = 0; i < 50; i++) {\n    let row = {};\n    const critIndex = Math.floor(Math.random() * 5);\n    let count = 0;\n    for (let key in thresholds) {\n        let level = count === critIndex ? 'critical' : 'normal';\n        row[key] = getRandom(level, thresholds[key]);\n        count++;\n    }\n    data.push(row);\n}\n\nmsg.payload = data;\nreturn msg;\n",
        "outputs": 1,
        "timeout": 0,
        "noerr": 0,
        "initialize": "",
        "finalize": "",
        "libs": [],
        "x": 360,
        "y": 200,
        "wires": [
            [
                "468db55b72b8e6dc",
                "8a4aadc986e698db"
            ]
        ]
    }
]