[
    {
        "id": "68dc66a0d4cf7450",
        "type": "tab",
        "label": "Flow 2",
        "disabled": false,
        "info": "",
        "env": []
    },
    {
        "id": "296457db6ee56514",
        "type": "inject",
        "z": "68dc66a0d4cf7450",
        "name": "",
        "props": [
            {
                "p": "payload"
            },
            {
                "p": "topic",
                "vt": "str"
            }
        ],
        "repeat": "",
        "crontab": "",
        "once": false,
        "onceDelay": 0.1,
        "topic": "",
        "payload": "",
        "payloadType": "date",
        "x": 80,
        "y": 200,
        "wires": [
            [
                "2cc68a96585ffee2"
            ]
        ]
    },
    {
        "id": "2cc68a96585ffee2",
        "type": "file in",
        "z": "68dc66a0d4cf7450",
        "name": "",
        "filename": "C:\\Users\\rajee\\Desktop\\dataset.csv",
        "filenameType": "str",
        "format": "utf8",
        "chunk": false,
        "sendError": false,
        "encoding": "none",
        "allProps": false,
        "x": 320,
        "y": 200,
        "wires": [
            [
                "3893a035069e39a6"
            ]
        ]
    },
    {
        "id": "3893a035069e39a6",
        "type": "csv",
        "z": "68dc66a0d4cf7450",
        "name": "",
        "spec": "",
        "sep": ",",
        "hdrin": true,
        "hdrout": "none",
        "multi": "mult",
        "ret": "\\r\\n",
        "temp": "",
        "skip": "0",
        "strings": true,
        "include_empty_strings": "",
        "include_null_values": "",
        "x": 510,
        "y": 100,
        "wires": [
            [
                "08d4d2a95335b558"
            ]
        ]
    },
    {
        "id": "08d4d2a95335b558",
        "type": "function",
        "z": "68dc66a0d4cf7450",
        "name": "function 2",
        "func": "// Thresholds for comparison\nconst thresholds = {\n    f1: { warning: 40, critical: 70 },\n    f2: { warning: 20, critical: 50 },\n    f3: { warning: 200, critical: 300 },\n    f4: { warning: 5, critical: 10 },\n    f5: { warning: 600, critical: 700 },\n};\n\nlet rows = msg.payload;\nlet processed = [];\nlet counts = { normal: 0, warning: 0, critical: 0 };\n\nfor (let row of rows) {\n    let status = \"normal\";\n\n    for (let key in thresholds) {\n        if (parseFloat(row[key]) > thresholds[key].critical) {\n            status = \"critical\";\n            break;\n        } else if (parseFloat(row[key]) > thresholds[key].warning) {\n            status = status === \"normal\" ? \"warning\" : status;\n        }\n    }\n\n    row.status = status;\n\n    // Color coding row HTML style\n    row.style = status === \"normal\" ? \"background-color:#c8f7c5;\" :\n        status === \"warning\" ? \"background-color:#fff3b0;\" :\n            \"background-color:#f8b9b9;\";\n\n    counts[status]++;\n    processed.push(row);\n}\n\nmsg.payload = processed;\nmsg.counts = counts;\nreturn msg;\n",
        "outputs": 1,
        "timeout": 0,
        "noerr": 0,
        "initialize": "",
        "finalize": "",
        "libs": [],
        "x": 620,
        "y": 200,
        "wires": [
            [
                "ad7d78de1b27f4d7",
                "adde2802a471dcb2"
            ]
        ]
    },
    {
        "id": "ad7d78de1b27f4d7",
        "type": "ui_template",
        "z": "68dc66a0d4cf7450",
        "group": "c41a153657dde7d2",
        "name": "",
        "order": 0,
        "width": 0,
        "height": 0,
        "format": "<table border=\"1\" style=\"width:100%; text-align:center;\">\n    <tr>\n        <th>F1</th><th>F2</th><th>F3</th><th>F4</th><th>F5</th><th>Status</th>\n    </tr>\n    <tbody>\n        <tr ng-repeat=\"row in msg.payload\" style=\"{{row.style}}\">\n            <td>{{row.f1}}</td>\n            <td>{{row.f2}}</td>\n            <td>{{row.f3}}</td>\n            <td>{{row.f4}}</td>\n            <td>{{row.f5}}</td>\n            <td>{{row.status}}</td>\n        </tr>\n    </tbody>\n</table>\n",
        "storeOutMessages": true,
        "fwdInMessages": true,
        "resendOnRefresh": true,
        "templateScope": "local",
        "className": "",
        "x": 820,
        "y": 200,
        "wires": [
            []
        ]
    },
    {
        "id": "adde2802a471dcb2",
        "type": "function",
        "z": "68dc66a0d4cf7450",
        "name": "function 3",
        "func": "const counts = msg.counts;\n\nmsg.payload =\n    \"Normal: \" + counts.normal + \"\\n\" +\n    \"Warning: \" + counts.warning + \"\\n\" +\n    \"Critical: \" + counts.critical;\n\nreturn msg;\n",
        "outputs": 1,
        "timeout": 0,
        "noerr": 0,
        "initialize": "",
        "finalize": "",
        "libs": [],
        "x": 780,
        "y": 280,
        "wires": [
            [
                "5f6fa34348b013ff"
            ]
        ]
    },
    {
        "id": "5f6fa34348b013ff",
        "type": "ui_text",
        "z": "68dc66a0d4cf7450",
        "group": "97e74a044e739715",
        "order": 0,
        "width": 0,
        "height": 0,
        "name": "",
        "label": "Counts",
        "format": "{{msg.payload}}",
        "layout": "col-center",
        "className": "",
        "style": false,
        "font": "",
        "fontSize": 16,
        "color": "#000000",
        "x": 960,
        "y": 280,
        "wires": []
    },
    {
        "id": "c41a153657dde7d2",
        "type": "ui_group",
        "name": "Default",
        "tab": "724377a777170913",
        "order": 1,
        "disp": true,
        "width": 6,
        "collapse": false,
        "className": ""
    },
    {
        "id": "97e74a044e739715",
        "type": "ui_group",
        "name": "Default",
        "tab": "724377a777170913",
        "order": 2,
        "disp": true,
        "width": 6,
        "collapse": false,
        "className": ""
    },
    {
        "id": "724377a777170913",
        "type": "ui_tab",
        "name": "Home",
        "icon": "dashboard",
        "disabled": false,
        "hidden": false
    }
]